Popescu Mihai;popescumihai@yahoo.com;1234567;0743378821;RO74PORL3836865721497522;10/24;353;2000
Anton Andrei;andrei.anton@gmail.com;0000000;0787772558;RO70PORL6329543149716429;4/23;785;3490
Dochita Ioan;dochitaioan10@gmail.com;9999111;0746329932;RO42PORL7119533575752698;6/22;493;390
Cioaca Andreea;andreea_cioaca@yahoo.com;7654321;0749213445;RO11PORL8551179284796124;10/23;958;789
Cojocaru Irina;irina.cojo32@yahoo.com;7777777;0754311324;RO98RZBR8669173855772674;7/24;843;5760
Cretu Laurentiu;laurentiucretu68@yahoo.com;7654321;0743376624;RO35RZBR4421944568612335;10/24;313;100
Ionescu;ionescumihai21@yahoo.com;phantom21;0743376628;RO35RZBR4421944568612338;10/23;354;100
